{
  "components/carousel": "<section class=\"heroCarousel\"\n    data-slick='{\n        \"arrows\": {{arrows}},\n        \"mobileFirst\": true,\n        \"slidesToShow\": 1,\n        \"slidesToScroll\": 1,\n        \"autoplay\": true,\n        \"autoplaySpeed\": {{carousel.swap_frequency}},\n        \"slide\": \"[data-hero-slide]\"\n    }'\n>\n    {{#each carousel.slides}}\n    {{#if button_text}}\n    <div data-hero-slide=\"{{@index}}\">\n    {{else}}\n    <a href=\"{{url}}\" data-hero-slide=\"{{@index}}\" aria-label=\"{{#if this.alt_text.length '!=' 0}}{{this.alt_text}}{{else}}{{lang 'carousel.slide_number' slide_number=(add @index 1)}}{{/if}}\">\n    {{/if}}\n        <div class=\"heroCarousel-slide {{#if ../theme_settings.homepage_stretch_carousel_images}}stretch{{/if}} {{#if @first}}heroCarousel-slide--first{{/if}}\">\n            {{#if button_text}}\n            <a href=\"{{url}}\" class=\"heroCarousel-image-wrapper\">\n            {{else}}\n            <div class=\"heroCarousel-image-wrapper\">\n            {{/if}}\n            {{#if @first}}\n                {{> components/common/responsive-img\n                    image=stencil_image\n                    class=\"heroCarousel-image\"\n                    fallback_size='1280w'\n                    lazyload='disabled'\n                }}\n            {{else}}\n                {{> components/common/responsive-img\n                    image=stencil_image\n                    class=\"heroCarousel-image\"\n                    fallback_size='1280w'\n                    lazyload='lazyload'\n                }}\n            {{/if}}\n            {{#if button_text}}\n            </a>\n            {{else}}\n            </div>\n            {{/if}}\n            {{#or heading text button_text}}\n                {{> components/carousel-content}}\n            {{/or}}\n        </div>\n    {{#if button_text}}\n    </div>\n    {{else}}\n    </a>\n    {{/if}}\n    {{/each}}\n    {{#if carousel.slides.length '>' 1}}\n        {{> components/carousel-content-announcement}}\n        {{#if play_pause_button}}\n            {{> components/carousel-play-pause-button}}\n        {{/if}}\n    {{/if}}\n</section>\n",
  "components/carousel-content-announcement": "<span\n    data-carousel-content-change-message\n    class=\"aria-description--hidden\"\n    aria-live=\"polite\" \n    role=\"status\"></span>\n",
  "components/common/responsive-img": "{{!-- This file implements the lazysizes srcset pattern (as seen on\nhttps://github.com/aFarkas/lazysizes#modern-transparent-srcset-pattern) for\nmaximum performance on modern browsers and reasonable compatibility with legacy\nbrowsers. There are a few important arguments to know about when using this\ncomponent: `lazyload`: - If set to 'lazyload+lqip', will load a low-res image\nwhich will be replaced by lazysizes - ensuring that SOME content is shown\nimmediately on page load. Without LQIP, a transparent gif will be used instead,\nwhich reduces the number of requests needed to load the page, making it even\nfaster. - If set to 'lazyload', the browser will not load the full-size image at\nfirst, instead the lazysizes plugin will load it progressively after page load.\nThis improves the load speed of the page, but it should be disabled for\nhigh-priority above-the-fold images. - If set to 'disabled', will not attempt to\nlazyload the image and instead tell the browser to load it immediately. Use this\nfor high-priority images that are above the fold. `fallback_size`: This is the\nsize to use for this image in legacy browsers that do not support srcset. Can be\ndefined as a pixel bounding-box size (e.g. \"123x123) or inherent width (e.g.\n\"123w\"). `class`: The CSS classes to add to the image, e.g. \"card-image\". If\nlazyloading is enabled, all images will have the \"lazyload\" class so that\nlazysizes will target them automatically. `otherAttributes`: Any other HTML\nattributes you want on the img tag, for example \"height='100' width='100'\"\n`default_image`: The default image to use if `image` is undefined or falsy.\nShould be a theme asset, usually defined as a relative path in the theme config.\nIf a default image is not provided, you'll get an image tag with no image if the\nprimary image is undefined. `lqip_size`: If you want to specify a particular\nsize for the LQIP image, you can do so with this argument. A default of 80\npixels wide will be used otherwise. This argument has no effect if the lazyload\nmode is not \"lazyload+lqip\". --}} <img {{#if image}}{{!-- Get the default image\nfor legacy browsers that do not support srcset --}}src=\"{{getImageSrcset image\n1x=(default fallback_size '160w')}}\" alt=\"{{image.alt}}\" title=\"{{image.alt}}\"\n{{!-- Allow lazysizes to generate the 'sizes' attribute automatically\n--}}data-sizes=\"auto\" {{#unless lazyload '==' 'disabled'}} {{#if lazyload '=='\n'lazyload+lqip'}} {{!-- If we want a LQIP, include it as the default srcset\n(will be overwritten by lazysizes) --}} srcset=\"{{getImageSrcset image\n1x=(default lqip_size '80w')}}\" {{else}} {{!-- If we don't want a LQIP, use a\n1px transparent gif for the stand-in image This requires no additional network\nrequest, so it's fast --}}\nsrcset=\"data:image/gif;base64,R0lGODlhAQABAIAAAP///wAAACH5BAEAAAAALAAAAAABAAEAAAICRAEAOw==\"\n{{/if}} {{/unless}} {{!-- If lazyloading is disabled, just use \"srcset\". If it\nis not disabled, use \"data-srcset\" so lazysizes will use this after page load\n--}} {{!-- Generate the srcset string using the default sizes defined in the\nhelper. This will allow the browser to pick the best-sized image based on its\nown understanding of how it will render the page. --}} {{#unless lazyload '=='\n'disabled'}}data-{{/unless}}srcset=\"{{getImageSrcset image\nuse_default_sizes=true }}\" {{else if default_image}}src=\"{{cdn default_image}}\"\nalt=\"{{lang 'products.card_default_image_alt'}}\"{{/if}} class=\"{{#unless\nlazyload '==' 'disabled'}}lazyload{{/unless}}{{#if class}} {{class}}{{/if}}\"\n{{#if lazyload '==' 'lazyload'}}loading=\"lazy\"{{/if}} {{otherAttributes}} />\n",
  "components/carousel-content": "<div class=\"heroCarousel-content{{#and (if heading '==' false) (if text '==' false)}} heroCarousel-content--empty{{/and}}\">\n    {{#if heading}}\n        <p class=\"heroCarousel-title\">{{{heading}}}</p>\n    {{/if}}\n    {{#if text}}\n        <p class=\"heroCarousel-description\">{{{text}}}</p>\n    {{/if}}\n    {{#if button_text}}\n        <a href=\"{{url}}\" aria-label=\"{{#if this.alt_text.length '!=' 0}}{{this.alt_text}}{{else}}{{lang 'carousel.slide_number' slide_number=(add @index 1)}}{{/if}}, {{button_text}}\" class=\"heroCarousel-action button button--primary button--large\">{{button_text}}</a>\n    {{/if}}\n</div>\n",
  "components/carousel-play-pause-button": "{{inject 'carouselPlayPauseButtonPlay' (lang 'carousel.play_pause_button_play')}}\n{{inject 'carouselPlayPauseButtonPause' (lang 'carousel.play_pause_button_pause')}}\n{{inject 'carouselPlayPauseButtonAriaPlay' (lang 'carousel.play_pause_button_aria_play')}}\n{{inject 'carouselPlayPauseButtonAriaPause' (lang 'carousel.play_pause_button_aria_pause')}}\n\n<button\n    data-play-pause-button\n    type=\"button\"\n    class=\"carousel-play-pause-button\"\n    aria-label=\"{{lang 'carousel.play_pause_button_aria_pause'}}\"\n>\n    {{lang 'carousel.play_pause_button_pause'}}\n</button>\n"
}